t,,h
0,,2.39924
0.00350175,,2.73204
0.0070035,,-6.11536
0.0105053,,-1.43026
0.014007,,-0.0260647
0.0175088,,4.68309
0.0210105,,1.28144
0.0245123,,3.29945
0.028014,,-5.57726
0.0315158,,-7.10712
0.0350175,,-1.21494
0.0385193,,-2.66225
0.042021,,0.412159
0.0455228,,-4.13672
0.0490245,,3.73145
0.0525263,,-10.2698
0.056028,,2.43978
0.0595298,,-3.63369
0.0630315,,-1.54786
0.0665333,,4.56733
0.070035,,-1.68348
0.0735368,,7.19139
0.0770385,,5.81296
0.0805403,,-0.402065
0.084042,,-6.29206
0.0875438,,-5.43938
0.0910455,,-2.47555
0.0945473,,11.053
0.098049,,9.71731
0.101551,,4.23014
0.105053,,-4.898
0.108554,,7.89214
0.112056,,-3.29891
0.115558,,0.171331
0.11906,,-7.2737
0.122561,,2.5475
0.126063,,12.3116
0.129565,,5.51332
0.133067,,2.96518
0.136568,,15.6049
0.14007,,4.68871
0.143572,,-4.94073
0.147074,,2.64802
0.150575,,-3.91763
0.154077,,-12.4717
0.157579,,14.6267
0.161081,,11.8632
0.164582,,-7.52735
0.168084,,-4.60389
0.171586,,1.19786
0.175088,,4.84444
0.178589,,4.43116
0.182091,,10.3364
0.185593,,-0.893585
0.189095,,-2.79305
0.192596,,1.40367
0.196098,,0.782066
0.1996,,8.11101
0.203102,,-1.94012
0.206603,,-0.479638
0.210105,,9.31483
0.213607,,10.3777
0.217109,,-4.39514
0.22061,,3.13307
0.224112,,4.84889
0.227614,,2.20313
0.231116,,12.2385
0.234617,,15.5035
0.238119,,0.709409
0.241621,,-2.44332
0.245123,,7.76369
0.248624,,-4.99852
0.252126,,5.70455
0.255628,,1.11643
0.25913,,1.38458
0.262631,,-1.18808
0.266133,,7.45296
0.269635,,2.78697
0.273137,,-2.13149
0.276638,,-0.87994
0.28014,,8.39028
0.283642,,3.1306
0.287144,,0.572434
0.290645,,-2.06659
0.294147,,-1.18563
0.297649,,-8.74539
0.301151,,5.03203
0.304652,,-7.74515
0.308154,,-1.29229
0.311656,,5.8841
0.315158,,-4.05396
0.318659,,3.32598
0.322161,,-4.8386
0.325663,,-0.949762
0.329165,,-9.09509
0.332666,,-8.15323
0.336168,,-2.39753
0.33967,,2.89081
0.343172,,6.19965
0.346673,,7.13612
0.350175,,-4.92078
0.353677,,-9.38427
0.357179,,-0.728314
0.36068,,-2.11757
0.364182,,-11.5373
0.367684,,-0.777431
0.371186,,-4.49141
0.374687,,-9.15075
0.378189,,1.90043
0.381691,,-4.58874
0.385193,,-4.27299
0.388694,,2.2641
0.392196,,-7.76574
0.395698,,-0.0448494
0.3992,,-5.6904
0.402701,,-8.15212
0.406203,,-6.70228
0.409705,,-4.10048
0.413207,,-3.9914
0.416708,,-14.5219
0.42021,,-3.83627
0.423712,,-2.77988
0.427214,,-0.660877
0.430715,,-5.07269
0.434217,,-2.4073
0.437719,,-11.7794
0.441221,,-6.4899
0.444722,,1.64239
0.448224,,-16.2128
0.451726,,-1.56099
0.455228,,-5.05674
0.458729,,-0.97831
0.462231,,-8.07724
0.465733,,-1.07849
0.469235,,4.76429
0.472736,,-2.86054
0.476238,,0.211777
0.47974,,-7.35946
0.483242,,2.6558
0.486743,,15.1054
0.490245,,-8.07688
0.493747,,-11.3759
0.497249,,-15.53
0.50075,,7.27306
0.504252,,-3.08348
0.507754,,-6.20154
0.511256,,-5.10902
0.514757,,-6.63644
0.518259,,-9.39417
0.521761,,-12.0659
0.525263,,-10.3482
0.528764,,-11.55
0.532266,,-7.8756
0.535768,,-3.95086
0.53927,,6.00021
0.542771,,-0.0631997
0.546273,,-6.0209
0.549775,,7.01075
0.553277,,7.34869
0.556778,,-0.00841869
0.56028,,-11.2237
0.563782,,-3.79537
0.567284,,2.45031
0.570785,,6.76683
0.574287,,-3.09327
0.577789,,4.48806
0.581291,,-10.0235
0.584792,,0.215473
0.588294,,-3.29344
0.591796,,-6.25899
0.595298,,-0.11549
0.598799,,4.62963
0.602301,,-1.86626
0.605803,,5.89294
0.609305,,2.41425
0.612806,,-0.0662714
0.616308,,5.53813
0.61981,,-0.111559
0.623312,,-1.39154
0.626813,,2.16575
0.630315,,10.8179
0.633817,,4.99891
0.637319,,3.2416
0.64082,,4.49066
0.644322,,-7.8988
0.647824,,4.35739
0.651326,,2.67363
0.654827,,4.03918
0.658329,,3.69858
0.661831,,-6.44614
0.665333,,-3.21617
0.668834,,-0.24895
0.672336,,1.48767
0.675838,,0.539518
0.67934,,2.05537
0.682841,,2.47039
0.686343,,7.9129
0.689845,,-4.44467
0.693347,,-0.927002
0.696848,,-11.103
0.70035,,-1.66077
0.703852,,10.9585
0.707354,,16.2316
0.710855,,0.324553
0.714357,,6.62001
0.717859,,0.778486
0.721361,,3.32302
0.724862,,-2.42594
0.728364,,7.91468
0.731866,,-0.604669
0.735368,,-9.3825
0.738869,,-3.93655
0.742371,,4.75697
0.745873,,15.7242
0.749375,,8.26294
0.752876,,7.48631
0.756378,,6.17826
0.75988,,9.39824
0.763382,,5.47639
0.766883,,-5.83247
0.770385,,7.92637
0.773887,,9.37572
0.777389,,-2.82997
0.78089,,4.06881
0.784392,,13.1131
0.787894,,4.01265
0.791396,,12.7378
0.794897,,8.67023
0.798399,,10.4751
0.801901,,8.00806
0.805403,,6.38831
0.808904,,8.90746
0.812406,,9.21251
0.815908,,-7.49656
0.81941,,-4.11528
0.822911,,4.52956
0.826413,,-2.00703
0.829915,,4.72056
0.833417,,11.6742
0.836918,,16.2873
0.84042,,1.06905
0.843922,,18.8877
0.847424,,11.04
0.850925,,11.2721
0.854427,,0.630913
0.857929,,1.64027
0.861431,,10.5196
0.864932,,-8.95294
0.868434,,12.4005
0.871936,,-10.5057
0.875438,,6.95204
0.878939,,-4.66881
0.882441,,9.84806
0.885943,,-5.59743
0.889445,,0.574052
0.892946,,7.78367
0.896448,,3.30793
0.89995,,-6.3075
0.903452,,7.10651
0.906953,,4.04482
0.910455,,11.988
0.913957,,3.78856
0.917459,,-3.22519
0.92096,,-1.09244
0.924462,,-6.90807
0.927964,,1.58329
0.931466,,0.669119
0.934967,,2.23505
0.938469,,1.16866
0.941971,,1.14458
0.945473,,-0.147831
0.948974,,5.44601
0.952476,,-0.771186
0.955978,,3.14045
0.95948,,5.55892
0.962981,,3.52508
0.966483,,7.26743
0.969985,,-12.8661
0.973487,,2.07367
0.976988,,3.45685
0.98049,,-8.77173
0.983992,,2.09172
0.987494,,-0.308932
0.990995,,0.923372
0.994497,,-16.9568
0.997999,,5.14141
1.0015,,-1.96779
1.005,,-10.6036
1.0085,,-4.13546
1.01201,,0.761143
1.01551,,-14.3724
1.01901,,-12.0505
1.02251,,-7.60079
1.02601,,-2.14277
1.02951,,2.54675
1.03302,,-10.1924
1.03652,,-7.66163
1.04002,,-15.3743
1.04352,,1.66232
1.04702,,-27.6
1.05053,,-13.4759
1.05403,,3.98476
1.05753,,-15.716
1.06103,,-5.03722
1.06453,,-8.57462
1.06803,,-1.37429
1.07154,,-3.53802
1.07504,,-8.9781
1.07854,,-4.85217
1.08204,,0.890902
1.08554,,5.73426
1.08904,,-0.412877
1.09255,,-6.13144
1.09605,,-5.93536
1.09955,,-6.50545
1.10305,,-14.7866
1.10655,,-1.64442
1.11006,,7.34883
1.11356,,0.340442
1.11706,,2.51729
1.12056,,-13.8778
1.12406,,-16.6403
1.12756,,-1.24945
1.13107,,-27.7673
1.13457,,-16.2003
1.13807,,0.427663
1.14157,,-11.0282
1.14507,,-10.5192
1.14857,,-3.66962
1.15208,,-15.8687
1.15558,,-2.44096
1.15908,,-8.98944
1.16258,,-11.607
1.16608,,2.07693
1.16958,,-4.5907
1.17309,,-17.9257
1.17659,,-6.06138
1.18009,,-2.9617
1.18359,,-1.50082
1.18709,,-14.5136
1.1906,,-2.51839
1.1941,,0.188595
1.1976,,-10.5488
1.2011,,-16.1275
1.2046,,-12.3479
1.2081,,2.56969
1.21161,,-4.37575
1.21511,,-10.0246
1.21861,,9.77016
1.22211,,-16.5153
1.22561,,-6.86065
1.22911,,-2.67489
1.23262,,-2.80896
1.23612,,1.57228
1.23962,,5.5586
1.24312,,-7.84438
1.24662,,-3.05158
1.25013,,-0.605025
1.25363,,2.36067
1.25713,,0.478323
1.26063,,-0.0560398
1.26413,,7.96938
1.26763,,3.99627
1.27114,,0.678735
1.27464,,-11.9648
1.27814,,10.0026
1.28164,,7.77893
1.28514,,9.57249
1.28864,,1.30596
1.29215,,7.17277
1.29565,,1.23104
1.29915,,-1.32887
1.30265,,2.73144
1.30615,,0.452335
1.30965,,0.362112
1.31316,,-1.57126
1.31666,,15.5029
1.32016,,0.203652
1.32366,,-0.886806
1.32716,,0.473719
1.33067,,9.34
1.33417,,0.801417
1.33767,,15.7507
1.34117,,11.6093
1.34467,,8.05226
1.34817,,0.838152
1.35168,,16.6332
1.35518,,-2.88851
1.35868,,8.10045
1.36218,,21.6884
1.36568,,18.1865
1.36918,,7.67632
1.37269,,16.6945
1.37619,,20.6691
1.37969,,17.5131
1.38319,,30.4769
1.38669,,11.9414
1.3902,,19.3387
1.3937,,12.9241
1.3972,,5.04343
1.4007,,4.58624
1.4042,,-1.95849
1.4077,,2.176
1.41121,,-5.52946
1.41471,,9.24298
1.41821,,0.16311
1.42171,,6.6936
1.42521,,2.8319
1.42871,,-11.0424
1.43222,,5.53698
1.43572,,18.5176
1.43922,,11.2439
1.44272,,16.6917
1.44622,,11.5076
1.44972,,21.1743
1.45323,,-2.88266
1.45673,,19.409
1.46023,,-14.5652
1.46373,,29.1351
1.46723,,3.98675
1.47074,,38.9565
1.47424,,2.96147
1.47774,,-12.1072
1.48124,,20.8222
1.48474,,13.6846
1.48824,,31.758
1.49175,,14.8389
1.49525,,-0.339559
1.49875,,-7.52128
1.50225,,-2.89904
1.50575,,25.5146
1.50925,,30.6707
1.51276,,13.3423
1.51626,,12.2137
1.51976,,-5.15432
1.52326,,3.62644
1.52676,,6.19813
1.53027,,5.76598
1.53377,,1.94345
1.53727,,-1.73224
1.54077,,11.4154
1.54427,,14.0014
1.54777,,2.15408
1.55128,,2.0256
1.55478,,-2.84254
1.55828,,-0.342554
1.56178,,0.839833
1.56528,,5.02716
1.56878,,6.9079
1.57229,,10.8091
1.57579,,6.74619
1.57929,,5.87533
1.58279,,-0.681145
1.58629,,-1.85712
1.58979,,-7.75573
1.5933,,-1.57551
1.5968,,-13.1442
1.6003,,2.91836
1.6038,,-5.01717
1.6073,,-16.7866
1.61081,,-8.85192
1.61431,,-10.9622
1.61781,,2.29007
1.62131,,-18.8029
1.62481,,-15.5379
1.62831,,-6.72373
1.63182,,-14.0772
1.63532,,-13.8509
1.63882,,-15.6127
1.64232,,-6.22856
1.64582,,-26.6107
1.64932,,-17.248
1.65283,,-0.19173
1.65633,,13.0618
1.65983,,-5.56405
1.66333,,-3.91852
1.66683,,-12.0349
1.67034,,-11.0979
1.67384,,-37.8328
1.67734,,-30.6425
1.68084,,-18.7097
1.68434,,-9.87509
1.68784,,-16.5611
1.69135,,-20.1599
1.69485,,-17.4871
1.69835,,-30.1997
1.70185,,-10.8671
1.70535,,-20.4928
1.70885,,-1.96031
1.71236,,-14.1256
1.71586,,-9.85148
1.71936,,-23.8961
1.72286,,-37.7775
1.72636,,-19.7087
1.72986,,-17.2673
1.73337,,-0.0978931
1.73687,,15.4996
1.74037,,-19.4543
1.74387,,-19.3697
1.74737,,-16.0511
1.75088,,1.88979
1.75438,,-13.2203
1.75788,,0.795484
1.76138,,-21.8913
1.76488,,-6.61791
1.76838,,-16.7953
1.77189,,-22.8379
1.77539,,5.5618
1.77889,,-25.6782
1.78239,,-19.6976
1.78589,,-34.7296
1.78939,,-17.617
1.7929,,-34.8166
1.7964,,-0.418745
1.7999,,-33.6803
1.8034,,6.60274
1.8069,,-21.7539
1.81041,,-4.13498
1.81391,,-9.31653
1.81741,,-5.50456
1.82091,,-5.82903
1.82441,,-23.3744
1.82791,,-0.870292
1.83142,,-5.20378
1.83492,,-4.28154
1.83842,,-2.00693
1.84192,,-15.8345
1.84542,,-4.23277
1.84892,,-14.5529
1.85243,,2.01893
1.85593,,0.147584
1.85943,,-10.3075
1.86293,,5.44857
1.86643,,8.97258
1.86993,,-3.44571
1.87344,,-6.00448
1.87694,,-9.46208
1.88044,,2.2612
1.88394,,5.87818
1.88744,,-1.6683
1.89095,,-1.83286
1.89445,,2.32889
1.89795,,-2.54013
1.90145,,6.87584
1.90495,,-2.84386
1.90845,,17.8604
1.91196,,1.94219
1.91546,,7.97837
1.91896,,5.14716
1.92246,,17.9641
1.92596,,21.02
1.92946,,6.82527
1.93297,,13.1935
1.93647,,-8.42705
1.93997,,15.6257
1.94347,,39.4525
1.94697,,-0.675552
1.95048,,-4.24228
1.95398,,32.5359
1.95748,,12.1427
1.96098,,3.72647
1.96448,,32.4888
1.96798,,5.97057
1.97149,,21.1798
1.97499,,-9.65195
1.97849,,7.25639
1.98199,,5.22349
1.98549,,37.9986
1.98899,,0.963288
1.9925,,26.3019
1.996,,-2.84799
1.9995,,34.1639
2.003,,24.7695
2.0065,,11.2019
2.01001,,13.8675
2.01351,,37.7125
2.01701,,-10.3783
2.02051,,27.7409
2.02401,,-29.2008
2.02751,,39.2293
2.03102,,6.39058
2.03452,,31.523
2.03802,,35.0186
2.04152,,13.5156
2.04502,,17.7669
2.04852,,-15.5677
2.05203,,29.3968
2.05553,,22.1907
2.05903,,5.50583
2.06253,,26.023
2.06603,,20.0522
2.06953,,21.096
2.07304,,-4.34232
2.07654,,29.1266
2.08004,,26.967
2.08354,,34.5953
2.08704,,-4.08681
2.09055,,37.7559
2.09405,,1.83204
2.09755,,26.9151
2.10105,,22.3094
2.10455,,36.7922
2.10805,,29.1173
2.11156,,42.7322
2.11506,,-0.674791
2.11856,,-8.69732
2.12206,,28.383
2.12556,,38.9663
2.12906,,-22.5641
2.13257,,25.5165
2.13607,,-5.30263
2.13957,,-6.83229
2.14307,,6.23665
2.14657,,0.587836
2.15008,,24.9626
2.15358,,32.1237
2.15708,,-4.44198
2.16058,,0.591427
2.16408,,10.7925
2.16758,,8.0155
2.17109,,8.12825
2.17459,,-5.51508
2.17809,,-0.0745138
2.18159,,9.15239
2.18509,,2.14504
2.18859,,14.7687
2.1921,,18.4185
2.1956,,-1.91211
2.1991,,0.174773
2.2026,,-2.35124
2.2061,,3.06635
2.2096,,-4.03555
2.21311,,7.92302
2.21661,,-9.20286
2.22011,,-15.9855
2.22361,,-1.57464
2.22711,,2.40905
2.23062,,-19.0655
2.23412,,-3.4668
2.23762,,-19.0052
2.24112,,-7.81436
2.24462,,-23.3447
2.24812,,-9.1952
2.25163,,-22.6292
2.25513,,-25.5093
2.25863,,-13.457
2.26213,,-18.0894
2.26563,,-22.5121
2.26913,,-33.1044
2.27264,,-5.78061
2.27614,,-41.1321
2.27964,,-7.78066
2.28314,,-17.366
2.28664,,6.58284
2.29015,,-36.8551
2.29365,,-5.41257
2.29715,,13.7924
2.30065,,-44.1529
2.30415,,-24.1686
2.30765,,2.06221
2.31116,,-30.0988
2.31466,,-39.7115
2.31816,,-24.5925
2.32166,,-20.4323
2.32516,,-33.172
2.32866,,18.5008
2.33217,,6.22862
2.33567,,27.2576
2.33917,,-14.0364
2.34267,,-28.3318
2.34617,,-30.2018
2.34967,,-59.6798
2.35318,,-20.0512
2.35668,,-92.3659
2.36018,,-33.494
2.36368,,-44.2254
2.36718,,-85.5462
2.37069,,-20.3488
2.37419,,30.8221
2.37769,,-39.602
2.38119,,-56.2009
2.38469,,-51.0428
2.38819,,-3.49474
2.3917,,-23.3236
2.3952,,-13.9095
2.3987,,-48.877
2.4022,,9.35748
2.4057,,-66.8662
2.4092,,-53.7509
2.41271,,-62.0067
2.41621,,21.5538
2.41971,,-39.4626
2.42321,,-27.7049
2.42671,,-77.6723
2.43022,,-43.1952
2.43372,,-24.9264
2.43722,,-5.01588
2.44072,,-15.3151
2.44422,,-14.4893
2.44772,,-2.40308
2.45123,,-15.3912
2.45473,,2.28272
2.45823,,-29.9617
2.46173,,-24.747
2.46523,,-9.86653
2.46873,,-20.5324
2.47224,,-12.3319
2.47574,,-33.2088
2.47924,,-6.23642
2.48274,,-14.9533
2.48624,,-13.2984
2.48974,,-18.1758
2.49325,,-19.5235
2.49675,,-14.9303
2.50025,,-0.540452
2.50375,,-2.30864
2.50725,,4.68092
2.51076,,-4.86373
2.51426,,-7.47611
2.51776,,4.61608
2.52126,,2.26108
2.52476,,10.4579
2.52826,,14.2997
2.53177,,-10.0491
2.53527,,8.58197
2.53877,,18.6639
2.54227,,3.61395
2.54577,,8.65276
2.54927,,13.4875
2.55278,,58.5124
2.55628,,5.08406
2.55978,,1.98953
2.56328,,11.0826
2.56678,,33.3355
2.57029,,2.53041
2.57379,,10.7267
2.57729,,-2.99327
2.58079,,18.1479
2.58429,,31.3347
2.58779,,31.1806
2.5913,,5.01544
2.5948,,102.425
2.5983,,-2.04278
2.6018,,26.5652
2.6053,,33.1019
2.6088,,24.5352
2.61231,,-50.6874
2.61581,,19.3458
2.61931,,54.4318
2.62281,,-14.3545
2.62631,,15.0394
2.62981,,28.4323
2.63332,,23.6538
2.63682,,35.1227
2.64032,,75.9822
2.64382,,-30.5376
2.64732,,65.1235
2.65083,,8.93071
2.65433,,53.9837
2.65783,,37.0659
2.66133,,40.3747
2.66483,,57.6205
2.66833,,75.6973
2.67184,,66.7309
2.67534,,77.8226
2.67884,,11.5956
2.68234,,23.021
2.68584,,36.8155
2.68934,,119.08
2.69285,,-11.5666
2.69635,,43.039
2.69985,,42.929
2.70335,,8.67708
2.70685,,46.0743
2.71036,,73.8296
2.71386,,23.6254
2.71736,,38.816
2.72086,,13.4413
2.72436,,-4.69308
2.72786,,28.6269
2.73137,,17.6087
2.73487,,-18.6071
2.73837,,47.1552
2.74187,,30.3424
2.74537,,25.1402
2.74887,,-46.038
2.75238,,56.5368
2.75588,,28.975
2.75938,,-2.32303
2.76288,,62.1639
2.76638,,40.0219
2.76988,,34.5291
2.77339,,-22.5535
2.77689,,24.7801
2.78039,,-29.3533
2.78389,,-1.98143
2.78739,,7.82338
2.7909,,10.4518
2.7944,,27.7429
2.7979,,49.7875
2.8014,,19.0649
2.8049,,-1.86863
2.8084,,9.23217
2.81191,,5.95446
2.81541,,-1.20424
2.81891,,7.53438
2.82241,,-1.53759
2.82591,,-1.83016
2.82941,,6.65343
2.83292,,-3.76886
2.83642,,4.67112
2.83992,,1.54841
2.84342,,7.14602
2.84692,,-1.93411
2.85043,,-22.442
2.85393,,-10.2705
2.85743,,-4.893
2.86093,,-16.3294
2.86443,,17.5044
2.86793,,-44.4379
2.87144,,2.88105
2.87494,,-81.9273
2.87844,,-38.3336
2.88194,,0.397093
2.88544,,-36.6411
2.88894,,-38.7851
2.89245,,2.51438
2.89595,,12.5029
2.89945,,5.41944
2.90295,,-7.69891
2.90645,,-85.4338
2.90995,,-11.4071
2.91346,,-85.3669
2.91696,,-47.9211
2.92046,,-46.3551
2.92396,,-54.6615
2.92746,,-36.045
2.93097,,-55.3907
2.93447,,-37.4046
2.93797,,-49.4603
2.94147,,-73.367
2.94497,,-51.4532
2.94847,,-109.322
2.95198,,-5.10154
2.95548,,-103.152
2.95898,,-58.7888
2.96248,,-114.305
2.96598,,-78.0166
2.96948,,-42.0676
2.97299,,-117.397
2.97649,,-14.252
2.97999,,31.5447
2.98349,,-43.6076
2.98699,,-99.7585
2.9905,,-31.1288
2.994,,-57.6626
2.9975,,-73.7787
3.001,,-89.3964
3.0045,,-56.0691
3.008,,-15.8094
3.01151,,-134.758
3.01501,,-134.974
3.01851,,55.4852
3.02201,,-27.602
3.02551,,-184.832
3.02901,,-129.278
3.03252,,-34.2393
3.03602,,-68.8929
3.03952,,-61.2705
3.04302,,-47.9559
3.04652,,-30.2313
3.05003,,18.0197
3.05353,,-7.26271
3.05703,,-22.9106
3.06053,,-4.37861
3.06403,,-5.54678
3.06753,,18.3833
3.07104,,-111.655
3.07454,,-36.1013
3.07804,,-15.9528
3.08154,,-38.043
3.08504,,-78.6635
3.08854,,-41.9363
3.09205,,-7.07119
3.09555,,-72.5294
3.09905,,-36.8726
3.10255,,-41.4508
3.10605,,-30.886
3.10955,,26.1355
3.11306,,-28.4569
3.11656,,-30.1677
3.12006,,-20.5527
3.12356,,-16.3503
3.12706,,-20.8099
3.13057,,-0.256132
3.13407,,-3.44944
3.13757,,-3.2198
3.14107,,2.65584
3.14457,,3.59504
3.14807,,-0.981835
3.15158,,11.1528
3.15508,,4.41144
3.15858,,9.62227
3.16208,,-1.06624
3.16558,,1.59628
3.16908,,18.0512
3.17259,,63.3338
3.17609,,23.7317
3.17959,,27.9107
3.18309,,67.4965
3.18659,,-3.95495
3.1901,,36.4742
3.1936,,-2.76493
3.1971,,56.1254
3.2006,,71.8963
3.2041,,109.257
3.2076,,73.2784
3.21111,,42.577
3.21461,,63.0872
3.21811,,-61.3268
3.22161,,5.59302
3.22511,,99.8969
3.22861,,137.831
3.23212,,50.1038
3.23562,,-42.2126
3.23912,,1.95102
3.24262,,79.6035
3.24612,,102.739
3.24962,,69.9085
3.25313,,9.02132
3.25663,,178.331
3.26013,,74.4772
3.26363,,35.6498
3.26713,,-2.49717
3.27064,,-3.76236
3.27414,,84.3639
3.27764,,37.1362
3.28114,,94.9941
3.28464,,48.1792
3.28814,,62.627
3.29165,,-40.63
3.29515,,145.004
3.29865,,31.1963
3.30215,,-50.4902
3.30565,,48.0588
3.30915,,51.1656
3.31266,,-1.03228
3.31616,,41.7429
3.31966,,53.6243
3.32316,,209.76
3.32666,,113.769
3.33017,,89.3487
3.33367,,121.991
3.33717,,87.6302
3.34067,,64.3874
3.34417,,6.15746
3.34767,,206.152
3.35118,,220.444
3.35468,,167.214
3.35818,,136.727
3.36168,,96.7592
3.36518,,32.4489
3.36868,,44.4336
3.37219,,19.0228
3.37569,,61.1302
3.37919,,0.774592
3.38269,,56.7717
3.38619,,113.919
3.38969,,67.5624
3.3932,,71.6583
3.3967,,66.0455
3.4002,,31.6712
3.4037,,0.0805832
3.4072,,64.1423
3.41071,,54.8033
3.41421,,87.7774
3.41771,,15.3183
3.42121,,49.4021
3.42471,,48.6223
3.42821,,-2.03268
3.43172,,55.6774
3.43522,,-11.0191
3.43872,,12.0518
3.44222,,17.883
3.44572,,15.7578
3.44922,,6.37004
3.45273,,5.68193
3.45623,,0.0648882
3.45973,,-2.1092
3.46323,,-13.8224
3.46673,,-10.5087
3.47024,,-10.0452
3.47374,,-25.2756
3.47724,,-18.941
3.48074,,1.88168
3.48424,,-18.7584
3.48774,,-51.3019
3.49125,,-34.877
3.49475,,17.8341
3.49825,,-68.2735
3.50175,,-36.2393
3.50525,,-14.6429
3.50875,,-75.2982
3.51226,,-26.8814
3.51576,,4.62702
3.51926,,-41.8384
3.52276,,-95.544
3.52626,,-117.285
3.52976,,-112.644
3.53327,,-150.459
3.53677,,-54.9238
3.54027,,-71.6131
3.54377,,9.24849
3.54727,,-144.399
3.55078,,-77.9771
3.55428,,-82.3145
3.55778,,-0.540796
3.56128,,-171.711
3.56478,,-151.197
3.56828,,-49.0783
3.57179,,-108.365
3.57529,,-74.6538
3.57879,,-108.788
3.58229,,21.4592
3.58579,,-7.39858
3.58929,,-28.6062
3.5928,,-124.899
3.5963,,16.9585
3.5998,,-118.29
3.6033,,6.66644
3.6068,,-98.5688
3.61031,,-112.958
3.61381,,-52.1321
3.61731,,-11.1878
3.62081,,-18.2229
3.62431,,-27.0709
3.62781,,-157.709
3.63132,,-19.5887
3.63482,,-178.79
3.63832,,22.381
3.64182,,-56.1865
3.64532,,-47.9708
3.64882,,-93.8111
3.65233,,-10.4108
3.65583,,-65.3163
3.65933,,-147.722
3.66283,,27.0978
3.66633,,-59.804
3.66983,,-77.3253
3.67334,,72.1096
3.67684,,-105.171
3.68034,,62.8559
3.68384,,-50.8875
3.68734,,-19.1121
3.69085,,-49.6071
3.69435,,-133.116
3.69785,,-36.4977
3.70135,,-162.264
3.70485,,-45.1205
3.70835,,-8.6447
3.71186,,-171.906
3.71536,,-120.29
3.71886,,-64.1184
3.72236,,-27.8583
3.72586,,-4.18179
3.72936,,-59.5371
3.73287,,-12.1361
3.73637,,29.0336
3.73987,,-27.6075
3.74337,,-30.4384
3.74687,,-27.1697
3.75038,,-41.1398
3.75388,,-15.9688
3.75738,,8.90186
3.76088,,-0.150196
3.76438,,-7.67728
3.76788,,4.29934
3.77139,,8.25601
3.77489,,10.1668
3.77839,,8.05162
3.78189,,37.0537
3.78539,,21.1233
3.78889,,22.1236
3.7924,,37.1945
3.7959,,-16.5471
3.7994,,27.4008
3.8029,,36.756
3.8064,,45.5724
3.8099,,30.0721
3.81341,,18.2681
3.81691,,55.6957
3.82041,,42.1073
3.82391,,109.991
3.82741,,-0.080873
3.83092,,109.811
3.83442,,-72.4779
3.83792,,60.9434
3.84142,,87.9341
3.84492,,50.9515
3.84842,,93.6841
3.85193,,-2.85959
3.85543,,70.3382
3.85893,,45.9275
3.86243,,46.1271
3.86593,,102.741
3.86943,,-0.657817
3.87294,,81.8753
3.87644,,-11.3574
3.87994,,60.3991
3.88344,,182.864
3.88694,,56.584
3.89045,,82.3556
3.89395,,102.25
3.89745,,50.5558
3.90095,,-24.4798
3.90445,,14.1419
3.90795,,-28.6589
3.91146,,147.887
3.91496,,138.346
3.91846,,157.183
3.92196,,-43.0675
3.92546,,85.0215
3.92896,,162.757
3.93247,,-54.4981
3.93597,,81.6405
3.93947,,154.277
3.94297,,36.9533
3.94647,,66.5535
3.94997,,85.6159
3.95348,,19.9979
3.95698,,70.809
3.96048,,84.4256
3.96398,,84.4426
3.96748,,200.536
3.97099,,25.1068
3.97449,,32.909
3.97799,,-31.3627
3.98149,,113.666
3.98499,,-52.1399
3.98849,,117.724
3.992,,46.707
3.9955,,21.1433
3.999,,55.37
4.0025,,77.4267
4.006,,40.3879
4.0095,,-30.54
4.01301,,28.3836
4.01651,,59.8856
4.02001,,62.5288
4.02351,,25.5052
4.02701,,-17.7855
4.03052,,57.2367
4.03402,,-11.9079
4.03752,,29.1495
4.04102,,21.9391
4.04452,,46.5325
4.04802,,6.34631
4.05153,,13.5674
4.05503,,29.8668
4.05853,,10.6827
4.06203,,25.7159
4.06553,,-4.88611
4.06903,,8.92089
4.07254,,16.5572
4.07604,,0.281893
4.07954,,11.4972
4.08304,,-1.06639
4.08654,,-4.89558
4.09005,,-7.32923
4.09355,,0.402122
4.09705,,7.93674
4.10055,,-12.1138
4.10405,,-29.8835
4.10755,,-19.6099
4.11106,,-40.6514
4.11456,,-1.58065
4.11806,,-15.0315
4.12156,,-9.95605
4.12506,,-34.6291
4.12856,,7.47161
4.13207,,-32.4956
4.13557,,-0.888026
4.13907,,-26.8735
4.14257,,-57.1403
4.14607,,-24.512
4.14957,,4.11772
4.15308,,-20.2972
4.15658,,-73.4384
4.16008,,-36.9705
4.16358,,41.8754
4.16708,,-52.7463
4.17059,,-54.3919
4.17409,,-111.74
4.17759,,-26.2807
4.18109,,16.2289
4.18459,,-6.34006
4.18809,,-56.0174
4.1916,,-121.436
4.1951,,-76.9311
4.1986,,-55.5647
4.2021,,-55.7146
4.2056,,-49.6319
4.2091,,32.1478
4.21261,,-23.3109
4.21611,,-13.7186
4.21961,,8.9933
4.22311,,-78.3977
4.22661,,-75.0753
4.23012,,-148.738
4.23362,,-67.2082
4.23712,,-10.1188
4.24062,,-34.4742
4.24412,,13.893
4.24762,,-38.6197
4.25113,,-109.908
4.25463,,-57.1752
4.25813,,-36.0647
4.26163,,-43.1873
4.26513,,-161.389
4.26863,,-17.4418
4.27214,,-38.7589
4.27564,,-44.698
4.27914,,13.9433
4.28264,,4.13055
4.28614,,-22.3781
4.28964,,-33.8158
4.29315,,-51.2133
4.29665,,-36.9687
4.30015,,-74.2001
4.30365,,-13.4493
4.30715,,-22.7223
4.31066,,-13.5036
4.31416,,-10.2916
4.31766,,-28.2967
4.32116,,9.12861
4.32466,,-35.5748
4.32816,,-1.80468
4.33167,,-36.7987
4.33517,,2.20115
4.33867,,-47.2564
4.34217,,6.87054
4.34567,,-20.6007
4.34917,,-27.0742
4.35268,,1.38344
4.35618,,-9.86368
4.35968,,-39.0681
4.36318,,-23.8322
4.36668,,-1.13724
4.37019,,-15.473
4.37369,,3.47602
4.37719,,-0.404474
4.38069,,3.98358
4.38419,,-1.4629
4.38769,,-10.841
4.3912,,5.18067
4.3947,,-8.77024
4.3982,,3.47522
4.4017,,10.8362
4.4052,,2.93396
4.4087,,8.56591
4.41221,,15.1454
4.41571,,-0.308853
4.41921,,2.87414
4.42271,,-8.68049
4.42621,,2.31551
4.42971,,-3.12004
4.43322,,15.6733
4.43672,,5.95506
4.44022,,-12.2012
4.44372,,21.962
4.44722,,21.0244
4.45073,,11.5946
4.45423,,26.2804
4.45773,,26.4763
4.46123,,32.5623
4.46473,,18.3271
4.46823,,30.9673
4.47174,,13.8745
4.47524,,33.8525
4.47874,,66.555
4.48224,,8.22927
4.48574,,-15.8293
4.48924,,43.935
4.49275,,53.9522
4.49625,,29.6396
4.49975,,60.649
4.50325,,33.3607
4.50675,,9.73807
4.51026,,32.0237
4.51376,,68.4797
4.51726,,6.01139
4.52076,,23.9517
4.52426,,-17.5009
4.52776,,22.4548
4.53127,,53.0605
4.53477,,37.9963
4.53827,,-14.2133
4.54177,,11.6036
4.54527,,56.1663
4.54877,,24.0589
4.55228,,36.8948
4.55578,,46.5059
4.55928,,-6.02134
4.56278,,49.1314
4.56628,,8.86356
4.56978,,9.99072
4.57329,,25.8823
4.57679,,45.3942
4.58029,,15.872
4.58379,,75.5327
4.58729,,-0.565314
4.5908,,18.058
4.5943,,17.3112
4.5978,,45.9957
4.6013,,15.8695
4.6048,,29.8787
4.6083,,29.544
4.61181,,35.3112
4.61531,,-5.939
4.61881,,36.6643
4.62231,,32.5809
4.62581,,9.59428
4.62931,,-15.5106
4.63282,,41.8952
4.63632,,32.5827
4.63982,,5.12485
4.64332,,-0.360877
4.64682,,-4.17932
4.65033,,-18.7568
4.65383,,2.23859
4.65733,,11.9934
4.66083,,11.0728
4.66433,,27.4858
4.66783,,8.59782
4.67134,,-2.1881
4.67484,,21.2442
4.67834,,3.08907
4.68184,,-7.17457
4.68534,,0.577288
4.68884,,6.45189
4.69235,,4.02887
4.69585,,-1.97645
4.69935,,-0.980382
4.70285,,-5.98212
4.70635,,-0.755316
4.70985,,-0.564458
4.71336,,-0.410938
4.71686,,-4.75178
4.72036,,-8.8928
4.72386,,-2.51977
4.72736,,-6.86498
4.73087,,-4.29017
4.73437,,-10.4362
4.73787,,-14.2272
4.74137,,-13.3169
4.74487,,-9.21801
4.74837,,2.61335
4.75188,,-10.7006
4.75538,,-10.7483
4.75888,,-18.477
4.76238,,-8.47888
4.76588,,-16.1361
4.76938,,1.2371
4.77289,,-15.4176
4.77639,,-14.4299
4.77989,,-18.2927
4.78339,,-6.28
4.78689,,-21.2259
4.7904,,-2.87355
4.7939,,-3.25067
4.7974,,7.15497
4.8009,,-20.533
4.8044,,-15.7105
4.8079,,-17.8659
4.81141,,-12.0504
4.81491,,-20.0586
4.81841,,-6.58175
4.82191,,-19.8985
4.82541,,-18.0896
4.82891,,-12.0376
4.83242,,-15.6853
4.83592,,-8.2931
4.83942,,-10.7055
4.84292,,-17.1067
4.84642,,-30.7738
4.84992,,-37.0249
4.85343,,-11.8697
4.85693,,-25.3663
4.86043,,-11.1883
4.86393,,-2.05166
4.86743,,-3.60851
4.87094,,-23.034
4.87444,,-8.0617
4.87794,,1.09785
4.88144,,-3.83753
4.88494,,-3.09683
4.88844,,-4.52667
4.89195,,-17.2271
4.89545,,-8.60708
4.89895,,-8.88965
4.90245,,-18.6783
4.90595,,-3.61299
4.90945,,-21.3479
4.91296,,-14.4993
4.91646,,2.53843
4.91996,,-0.975107
4.92346,,-20.6692
4.92696,,-1.15226
4.93047,,-9.56704
4.93397,,-9.55847
4.93747,,-5.82399
4.94097,,-8.7184
4.94447,,5.1064
4.94797,,6.65316
4.95148,,-3.99013
4.95498,,4.16779
4.95848,,-0.586001
4.96198,,-15.8438
4.96548,,-1.07648
4.96898,,-1.74916
4.97249,,-12.9069
4.97599,,6.95428
4.97949,,-6.85948
4.98299,,-6.73155
4.98649,,3.25408
4.98999,,-1.1409
4.9935,,-1.49806
4.997,,4.16562
5.0005,,-0.856497
5.004,,6.89344
5.0075,,4.71755
5.01101,,10.2235
5.01451,,-2.58837
5.01801,,-7.80505
5.02151,,-2.56261
5.02501,,-4.09941
5.02851,,2.47845
5.03202,,1.37
5.03552,,-0.610095
5.03902,,-3.07509
5.04252,,4.27151
5.04602,,1.16949
5.04952,,5.24589
5.05303,,2.65837
5.05653,,-7.45236
5.06003,,3.98063
5.06353,,11.1199
5.06703,,7.19393
5.07054,,8.84866
5.07404,,-0.117474
5.07754,,1.0309
5.08104,,12.8716
5.08454,,8.20456
5.08804,,8.53896
5.09155,,6.71797
5.09505,,6.95967
5.09855,,-7.37777
5.10205,,6.21101
5.10555,,5.73635
5.10905,,-3.16128
5.11256,,2.39276
5.11606,,1.66583
5.11956,,6.70598
5.12306,,0.743922
5.12656,,2.68852
5.13007,,4.53727
5.13357,,2.54564
5.13707,,-4.3497
5.14057,,6.96192
5.14407,,11.0465
5.14757,,3.58224
5.15108,,-4.58155
5.15458,,2.61315
5.15808,,10.6569
5.16158,,-1.58433
5.16508,,7.19114
5.16858,,1.52223
5.17209,,4.13485
5.17559,,10.1141
5.17909,,-0.0483717
5.18259,,1.11368
5.18609,,2.82329
5.18959,,4.18625
5.1931,,-4.08555
5.1966,,17.2663
5.2001,,12.0769
5.2036,,17.3677
5.2071,,12.9743
5.21061,,18.0226
5.21411,,-3.76572
5.21761,,3.91984
5.22111,,1.30942
5.22461,,2.448
5.22811,,6.49381
5.23162,,6.01384
5.23512,,-11.7888
5.23862,,-5.16257
5.24212,,3.47415
5.24562,,12.3891
5.24912,,7.78518
5.25263,,3.91496
5.25613,,4.84352
5.25963,,-3.80073
5.26313,,8.05178
5.26663,,6.07661
5.27014,,2.62104
5.27364,,-6.66691
5.27714,,-1.48796
5.28064,,2.24932
5.28414,,-0.139148
5.28764,,5.61858
5.29115,,2.35817
5.29465,,6.1907
5.29815,,-6.68459
5.30165,,-13.4738
5.30515,,-3.72157
5.30865,,2.94415
5.31216,,4.76811
5.31566,,1.08793
5.31916,,-1.58614
5.32266,,2.69564
5.32616,,3.65426
5.32966,,-5.71564
5.33317,,0.843396
5.33667,,-6.58996
5.34017,,6.21366
5.34367,,-0.577862
5.34717,,-12.0267
5.35068,,8.02536
5.35418,,-1.60991
5.35768,,-6.91885
5.36118,,-6.90903
5.36468,,3.93247
5.36818,,-0.42546
5.37169,,2.41154
5.37519,,-0.242751
5.37869,,0.52736
5.38219,,-5.45559
5.38569,,0.755373
5.38919,,-2.81779
5.3927,,0.572368
5.3962,,-7.91647
5.3997,,-2.76677
5.4032,,-6.12617
5.4067,,-15.9451
5.41021,,-4.15677
5.41371,,-9.08662
5.41721,,-4.44075
5.42071,,-8.36469
5.42421,,0.794264
5.42771,,-2.55493
5.43122,,-3.49861
5.43472,,0.837412
5.43822,,-1.65765
5.44172,,-8.9661
5.44522,,-4.05052
5.44872,,-6.88046
5.45223,,-3.83743
5.45573,,-1.6202
5.45923,,4.93907
5.46273,,-0.882447
5.46623,,-0.552809
5.46973,,2.56851
5.47324,,-4.25879
5.47674,,0.878732
5.48024,,-10.9519
5.48374,,0.164026
5.48724,,-3.00017
5.49075,,-4.70577
5.49425,,3.39859
5.49775,,1.26147
5.50125,,-8.05027
5.50475,,-9.09172
5.50825,,-5.45518
5.51176,,-7.7467
5.51526,,-4.19671
5.51876,,-0.619237
5.52226,,7.35658
5.52576,,-3.61908
5.52926,,-6.83473
5.53277,,2.44506
5.53627,,-0.763826
5.53977,,-1.35926
5.54327,,-1.02758
5.54677,,-4.59899
5.55028,,-1.32101
5.55378,,-2.71831
5.55728,,5.92071
5.56078,,1.47728
5.56428,,-3.07898
5.56778,,11.8206
5.57129,,-4.50375
5.57479,,-2.44273
5.57829,,0.899532
5.58179,,-10.1732
5.58529,,-1.7604
5.58879,,2.28271
5.5923,,6.47898
5.5958,,-1.58216
5.5993,,0.00190758
5.6028,,8.37301
5.6063,,-1.95073
5.6098,,4.56151
5.61331,,-0.366764
5.61681,,1.77396
5.62031,,-2.62378
5.62381,,-0.247478
5.62731,,-6.6255
5.63082,,0.589776
5.63432,,-5.68626
5.63782,,-16.2077
5.64132,,1.23004
5.64482,,-2.1936
5.64832,,1.56294
5.65183,,-4.75504
5.65533,,0.884981
5.65883,,0.837488
5.66233,,-2.17876
5.66583,,1.46885
5.66933,,6.34931
5.67284,,3.60328
5.67634,,-1.13363
5.67984,,-0.0452539
5.68334,,-1.12094
5.68684,,1.88487
5.69035,,-10.52
5.69385,,6.57294
5.69735,,7.74479
5.70085,,-0.385204
5.70435,,-6.95978
5.70785,,9.91656
5.71136,,-1.36231
5.71486,,7.79598
5.71836,,2.96369
5.72186,,1.63727
5.72536,,-9.30828
5.72886,,-3.59219
5.73237,,-4.89781
5.73587,,5.35308
5.73937,,2.79631
5.74287,,-4.39317
5.74637,,0.428016
5.74987,,2.19597
5.75338,,-5.55153
5.75688,,1.49717
5.76038,,8.98177
5.76388,,3.76157
5.76738,,3.09395
5.77089,,2.02611
5.77439,,0.97445
5.77789,,0.945659
5.78139,,4.88038
5.78489,,1.4287
5.78839,,-1.38099
5.7919,,3.76557
5.7954,,1.20547
5.7989,,-0.847101
5.8024,,-1.44451
5.8059,,9.61329
5.8094,,-2.95287
5.81291,,-2.73189
5.81641,,-8.61051
5.81991,,-8.08004
5.82341,,-5.83248
5.82691,,-0.318086
5.83042,,4.29346
5.83392,,-0.449714
5.83742,,4.68631
5.84092,,-0.0935442
5.84442,,7.01382
5.84792,,2.44524
5.85143,,-2.93046
5.85493,,0.262981
5.85843,,0.982715
5.86193,,7.03644
5.86543,,-1.93643
5.86893,,0.00331963
5.87244,,-9.18811
5.87594,,-2.42903
5.87944,,6.79863
5.88294,,4.51746
5.88644,,-9.93018
5.88994,,2.45015
5.89345,,0.766734
5.89695,,0.689359
5.90045,,10.0203
5.90395,,7.72002
5.90745,,7.4607
5.91096,,2.64604
5.91446,,-2.31403
5.91796,,-6.929
5.92146,,-2.65654
5.92496,,2.88809
5.92846,,-4.1299
5.93197,,4.33173
5.93547,,-1.93621
5.93897,,-1.60722
5.94247,,-0.128375
5.94597,,9.82116
5.94947,,-5.59916
5.95298,,-0.203983
5.95648,,-3.10445
5.95998,,-5.81072
5.96348,,-4.16898
5.96698,,-2.12085
5.97049,,-8.43072
5.97399,,-3.46439
5.97749,,-3.58753
5.98099,,4.82357
5.98449,,-0.489028
5.98799,,-8.70398
5.9915,,4.89707
5.995,,7.90786
5.9985,,-13.3814
6.002,,7.93588
6.0055,,8.10538
6.009,,5.82471
6.01251,,1.60814
6.01601,,7.20995
6.01951,,-2.92591
6.02301,,-6.65274
6.02651,,-9.01686
6.03002,,3.49829
6.03352,,-3.38776
6.03702,,-10.0444
6.04052,,-0.265127
6.04402,,-10.2643
6.04752,,-2.71963
6.05103,,7.73829
6.05453,,0.926782
6.05803,,0.439798
6.06153,,-4.19832
6.06503,,8.89888
6.06853,,-3.5718
6.07204,,-2.37101
6.07554,,2.30861
6.07904,,-2.49778
6.08254,,-0.472158
6.08604,,6.1876
6.08954,,-0.0720453
6.09305,,-3.29763
6.09655,,5.50288
6.10005,,6.35587
6.10355,,-0.677146
6.10705,,-5.20714
6.11056,,11.4001
6.11406,,1.35753
6.11756,,8.72187
6.12106,,-0.983583
6.12456,,0.786977
6.12806,,-0.861129
6.13157,,-9.14392
6.13507,,-3.04203
6.13857,,-5.85391
6.14207,,-3.29487
6.14557,,-1.53545
6.14907,,-7.70005
6.15258,,2.92803
6.15608,,-4.24145
6.15958,,-0.349542
6.16308,,-1.64295
6.16658,,-5.24393
6.17009,,7.8305
6.17359,,8.54388
6.17709,,6.33997
6.18059,,-8.23346
6.18409,,3.64355
6.18759,,-2.76504
6.1911,,2.24834
6.1946,,-0.220573
6.1981,,-0.420185
6.2016,,2.41236
6.2051,,-3.6864
6.2086,,3.4234
6.21211,,-2.78368
6.21561,,0.148407
6.21911,,4.09693
6.22261,,5.23436
6.22611,,-0.503138
6.22961,,-2.27038
6.23312,,-0.955717
6.23662,,1.38235
6.24012,,-3.5978
6.24362,,3.58479
6.24712,,-5.09153
6.25063,,-0.753159
6.25413,,2.38153
6.25763,,-2.12852
6.26113,,4.95089
6.26463,,1.10932
6.26813,,3.44795
6.27164,,-9.33121
6.27514,,-2.93427
6.27864,,0.634718
6.28214,,5.47381
6.28564,,-1.26933
6.28914,,1.11496
6.29265,,6.66235
6.29615,,2.03603
6.29965,,7.7993
6.30315,,5.76205
6.30665,,-10.9921
6.31016,,-1.61906
6.31366,,7.62038
6.31716,,12.5484
6.32066,,-0.261076
6.32416,,9.01203
6.32766,,-7.86614
6.33117,,-0.642117
6.33467,,2.63065
6.33817,,4.5932
6.34167,,-5.18377
6.34517,,5.18471
6.34867,,-3.13245
6.35218,,-1.20548
6.35568,,3.23944
6.35918,,-0.217673
6.36268,,1.19374
6.36618,,2.7229
6.36968,,5.28166
6.37319,,-1.99585
6.37669,,1.93449
6.38019,,-4.6021
6.38369,,2.25206
6.38719,,-2.88376
6.3907,,-3.31135
6.3942,,-4.02327
6.3977,,-4.66075
6.4012,,1.51471
6.4047,,6.99659
6.4082,,-2.11225
6.41171,,5.2864
6.41521,,-5.68105
6.41871,,-8.4077
6.42221,,5.49542
6.42571,,1.14457
6.42921,,-9.18718
6.43272,,-4.45326
6.43622,,-11.6929
6.43972,,3.24092
6.44322,,-3.65075
6.44672,,-3.05889
6.45023,,1.8796
6.45373,,-5.46119
6.45723,,-8.42517
6.46073,,-4.28087
6.46423,,1.92459
6.46773,,-2.76569
6.47124,,0.169184
6.47474,,-1.0903
6.47824,,1.86697
6.48174,,2.30923
6.48524,,8.92495
6.48874,,-0.687475
6.49225,,0.00814011
6.49575,,-12.2879
6.49925,,-0.632478
6.50275,,1.58886
6.50625,,9.9385
6.50975,,1.2209
6.51326,,4.10022
6.51676,,6.18083
6.52026,,2.00062
6.52376,,-1.6069
6.52726,,1.90672
6.53077,,-5.43266
6.53427,,3.68261
6.53777,,4.40027
6.54127,,2.76399
6.54477,,0.078388
6.54827,,-0.954834
6.55178,,7.70336
6.55528,,-4.26821
6.55878,,2.43175
6.56228,,-2.74495
6.56578,,3.65613
6.56928,,-4.30675
6.57279,,0.142091
6.57629,,-4.05697
6.57979,,-1.5541
6.58329,,0.382147
6.58679,,0.854476
6.5903,,-6.0321
6.5938,,2.45307
6.5973,,-6.17994
6.6008,,0.0768471
6.6043,,8.92372
6.6078,,2.99717
6.61131,,-4.61748
6.61481,,2.33536
6.61831,,0.118774
6.62181,,-5.02069
6.62531,,-1.05804
6.62881,,8.00352
6.63232,,1.21676
6.63582,,-5.17482
6.63932,,-6.12488
6.64282,,2.3099
6.64632,,-7.32931
6.64982,,3.71085
6.65333,,5.01784
6.65683,,-7.14542
6.66033,,0.189378
6.66383,,2.91382
6.66733,,1.05884
6.67084,,6.15279
6.67434,,8.2145
6.67784,,0.209276
6.68134,,5.73894
6.68484,,-1.02783
6.68834,,-3.62525
6.69185,,4.70702
6.69535,,-5.90948
6.69885,,-4.74315
6.70235,,-1.15909
6.70585,,-1.91005
6.70935,,0.804948
6.71286,,3.25263
6.71636,,-3.04886
6.71986,,0.724627
6.72336,,-9.89495
6.72686,,2.68215
6.73037,,4.51523
6.73387,,-3.08184
6.73737,,-3.07713
6.74087,,0.0736027
6.74437,,-3.53317
6.74787,,3.85261
6.75138,,8.09442
6.75488,,-5.54109
6.75838,,-4.98626
6.76188,,-0.201465
6.76538,,-8.66569
6.76888,,-8.02295
6.77239,,-1.27723
6.77589,,1.89743
6.77939,,0.359179
6.78289,,-8.47623
6.78639,,-3.04654
6.78989,,-9.90622
6.7934,,-3.01022
6.7969,,5.80875
6.8004,,1.17733
6.8039,,4.73382
6.8074,,0.193343
6.81091,,-0.305721
6.81441,,-7.41496
6.81791,,-0.0548225
6.82141,,5.77101
6.82491,,5.78835
6.82841,,-2.85149
6.83192,,3.27876
6.83542,,4.31779
6.83892,,3.01492
6.84242,,-0.0110632
6.84592,,4.38513
6.84942,,-4.3271
6.85293,,7.45465
6.85643,,5.4149
6.85993,,-3.12484
6.86343,,3.90592
6.86693,,1.85746
6.87044,,-7.26603
6.87394,,-0.422366
6.87744,,1.19883
6.88094,,-2.55163
6.88444,,-9.3432
6.88794,,-1.26017
6.89145,,-3.6873
6.89495,,-0.850836
6.89845,,-2.84928
6.90195,,1.76718
6.90545,,0.755536
6.90895,,3.2108
6.91246,,4.71598
6.91596,,0.646679
6.91946,,12.2609
6.92296,,0.903191
6.92646,,5.94591
6.92996,,-0.487887
6.93347,,-2.68928
6.93697,,2.43848
6.94047,,-1.64665
6.94397,,0.112854
6.94747,,-0.729665
6.95098,,-4.48142
6.95448,,2.08199
6.95798,,4.55997
6.96148,,11.4224
6.96498,,-8.76665
6.96848,,0.780822
6.97199,,-9.60026
6.97549,,-2.02409
6.97899,,-3.54605
6.98249,,-4.80894
6.98599,,-12.977
6.98949,,6.78266
6.993,,2.82917
6.9965,,-7.61362
7,,1.6427
